<?xml version="1.0" encoding="UTF-8"?>
<project-private xmlns="http://www.netbeans.org/ns/project-private/1">
    <editor-bookmarks xmlns="http://www.netbeans.org/ns/editor-bookmarks/2" lastBookmarkId="0"/>
    <open-files xmlns="http://www.netbeans.org/ns/projectui-open-files/2">
        <group>
            <file>file:/C:/Users/shweta/Documents/NetBeansProjects/MedicalShopManagement/src/defaultpackage/PrintBill.java</file>
            <file>file:/C:/Users/shweta/Documents/NetBeansProjects/MedicalShopManagement/src/defaultpackage/AddMember.java</file>
            <file>file:/C:/Users/shweta/Documents/NetBeansProjects/MedicalShopManagement/src/defaultpackage/PlaceOrder.java</file>
            <file>file:/C:/Users/shweta/Documents/NetBeansProjects/MedicalShopManagement/src/defaultpackage/Login.java</file>
            <file>file:/C:/Users/shweta/Documents/NetBeansProjects/MedicalShopManagement/src/defaultpackage/AddMedicine.java</file>
        </group>
    </open-files>
</project-private>
